No;I;1;2;II;1;III;1;2;IV;1;V;1;VI;1;2;VII;1;2;3;VIII;1;2
Komoditas (Rp);Beras;Beras Kualitas Medium I;Beras Kualitas Super I;Daging Ayam;Daging Ayam Ras Segar;Daging Sapi;Daging Sapi Kualitas 1;Daging Sapi Kualitas 2;Bawang Merah;Bawang Merah Ukuran Sedang;Bawang Putih;Bawang Putih Ukuran Sedang;Cabai Rawit;Cabai Rawit Hijau;Cabai Rawit Merah;Minyak Goreng;Minyak Goreng Curah;Minyak Goreng Kemasan Bermerk 1;Minyak Goreng Kemasan Bermerk 2;Gula Pasir;Gula Pasir Kualitas Premium;Gula Pasir Lokal
 01/ 2019;10,750;10,350;11,150;29,150;29,150;111,900;113,750;110,000;35,350;35,350;28,350;28,350;28,350;28,350;28,350;14,100;11,350;16,150;15,750;13,000;16,500;11,750
 02/ 2019;10,750;10,350;11,150;29,150;29,150;111,900;113,750;110,000;34,000;34,000;29,350;29,350;38,850;38,850;38,850;14,450;12,000;16,150;15,750;12,750;16,500;11,500
 03/ 2019;10,750;10,350;11,150;29,600;29,600;111,900;113,750;110,000;39,350;39,350;39,000;39,000;42,500;42,500;42,500;14,450;11,850;16,350;15,750;13,200;16,500;12,150
 04/ 2019;10,750;10,250;11,150;36,250;36,250;118,750;120,000;115,000;48,650;48,650;64,350;64,350;71,650;71,650;71,650;14,100;11,400;16,000;16,000;13,950;16,750;13,000
 05/ 2019;10,750;10,250;11,150;30,000;30,000;120,000;120,000;120,000;39,650;39,650;53,350;53,350;69,150;69,150;69,150;14,600;12,500;16,000;16,000;14,650;16,750;13,900
 06/ 2019;10,750;10,250;11,150;37,650;37,650;121,250;121,250;122,500;45,000;45,000;48,350;48,350;39,150;39,150;39,150;16,050;12,650;18,550;17,550;14,200;16,000;13,650
 07/ 2019;10,750;10,150;11,350;31,650;31,650;118,750;118,750;122,500;34,850;34,850;43,150;43,150;70,850;70,850;70,850;15,750;12,350;18,550;16,600;14,150;16,000;13,500
 08/ 2019;10,700;10,150;11,250;25,400;25,400;121,250;121,250;122,500;28,500;28,500;40,150;40,150;52,500;52,500;52,500;16,250;13,650;18,550;16,600;14,150;16,000;13,500
 09/ 2019;10,700;10,150;11,250;25,000;25,000;121,250;121,250;122,500;25,150;25,150;36,000;36,000;86,650;86,650;86,650;15,800;12,500;18,550;16,600;14,150;16,000;13,500
 10/ 2019;10,700;10,150;11,250;28,750;28,750;121,250;121,250;122,500;28,650;28,650;37,350;37,350;118,350;118,350;118,350;15,650;12,150;18,550;16,600;14,250;16,000;13,750
 11/ 2019;10,700;10,150;11,250;29,150;29,150;121,250;121,250;122,500;35,650;35,650;37,650;37,650;75,000;75,000;75,000;15,900;12,900;18,550;16,600;14,500;16,000;14,000
 12/ 2019;10,700;10,150;11,250;29,150;29,150;121,250;121,250;122,500;35,500;35,500;37,650;37,650;36,650;36,650;36,650;15,950;13,100;18,550;16,600;14,500;16,000;14,000
 01/ 2020;10,700;10,150;11,250;27,500;27,500;121,250;121,250;122,500;48,850;48,850;40,500;40,500;76,650;55,000;80,850;16,800;14,850;18,550;17,100;15,250;16,000;15,000
 02/ 2020;10,700;10,150;11,250;27,500;27,500;121,250;121,250;122,500;42,500;42,500;51,650;51,650;29,350;20,000;31,000;14,950;13,000;16,500;15,750;16,150;16,000;16,000
 03/ 2020;10,700;10,150;11,250;25,850;25,850;121,250;121,250;122,500;42,850;42,850;52,500;52,500;56,250;50,000;57,500;14,950;13,000;16,500;15,750;17,650;17,000;18,000
 04/ 2020;11,400;11,000;11,750;23,750;23,750;120,000;120,000;120,000;42,650;42,650;49,150;49,150;43,350;40,000;44,150;15,100;13,350;16,400;16,150;19,850;20,000;19,650
 05/ 2020;11,350;10,900;11,750;29,150;29,150;120,000;120,000;120,000;75,850;75,850;41,000;41,000;31,650;20,000;34,150;15,050;13,350;16,250;16,150;19,600;20,000;19,350
 06/ 2020;11,300;10,900;11,650;30,850;30,850;120,000;120,000;120,000;48,350;48,350;30,350;30,350;31,850;25,000;33,500;15,350;13,500;16,600;16,500;17,150;19,000;16,650
 07/ 2020;11,150;10,650;11,600;28,750;28,750;120,000;120,000;120,000;35,500;35,500;28,500;28,500;36,500;35,000;37,350;15,850;13,600;17,150;17,950;16,650;18,250;16,150
 08/ 2020;11,000;10,600;11,400;23,350;23,350;120,000;120,000;120,000;33,500;33,500;27,350;27,350;34,500;25,000;36,650;16,250;13,900;17,700;17,950;16,050;16,750;15,650
 09/ 2020;10,900;10,500;11,350;28,750;28,750;120,000;120,000;120,000;34,350;34,350;28,000;28,000;32,600;25,000;33,850;16,600;15,350;17,350;17,700;15,100;16,500;14,650
 10/ 2020;10,900;10,500;11,350;29,600;29,600;120,000;120,000;120,000;39,850;39,850;32,850;32,850;57,250;35,000;60,150;16,600;15,350;17,350;17,700;14,900;16,500;14,500
 11/ 2020;10,850;10,350;11,350;30,000;30,000;120,000;120,000;120,000;43,150;43,150;32,850;32,850;36,100;30,000;37,350;17,450;15,850;18,500;18,650;15,250;16,500;14,850
 12/ 2020;10,850;10,350;11,350;30,000;30,000;120,000;120,000;120,000;34,350;34,350;33,350;33,350;63,750;55,000;65,850;17,300;15,850;18,500;18,100;15,250;16,500;14,850
 01/ 2021;10,850;10,350;11,350;29,400;29,400;120,000;120,000;120,000;31,650;31,650;32,500;32,500;60,400;50,000;63,350;17,350;15,650;18,400;18,650;15,250;16,500;14,850
 02/ 2021;10,850;10,350;11,350;28,350;28,350;120,000;120,000;120,000;35,500;35,500;33,000;33,000;86,250;65,000;90,000;17,350;15,850;18,200;18,750;14,900;16,500;14,500
 03/ 2021;10,850;10,350;11,350;27,100;27,100;120,000;120,000;120,000;36,650;36,650;33,350;33,350;96,650;90,000;98,350;17,750;16,650;18,200;18,750;14,750;16,500;14,350
 04/ 2021;10,850;10,350;11,350;30,000;30,000;120,000;120,000;120,000;32,350;32,350;35,000;35,000;68,750;50,000;72,500;17,600;16,200;18,200;19,050;14,700;16,500;14,250
 05/ 2021;10,850;10,350;11,350;28,550;28,550;122,500;122,500;125,000;38,000;38,000;37,650;37,650;65,850;55,000;68,350;18,200;17,500;18,400;19,150;14,650;16,500;14,100
 06/ 2021;10,850;10,350;11,350;28,350;28,350;122,500;122,500;125,000;36,000;36,000;34,150;34,150;87,500;75,000;90,000;18,150;16,650;18,950;19,150;14,600;16,500;14,000
 07/ 2021;11,000;10,650;11,350;24,100;24,100;122,500;122,500;125,000;40,000;40,000;36,650;36,650;59,600;50,000;60,850;17,750;17,650;17,650;18,150;15,250;16,500;14,650
 08/ 2021;10,950;10,600;11,350;21,250;21,250;122,500;122,500;125,000;35,650;35,650;35,500;35,500;40,850;40,000;41,650;18,350;19,100;17,650;18,150;14,600;16,500;14,000
 09/ 2021;11,000;10,650;11,350;24,600;24,600;122,500;122,500;125,000;35,150;35,150;35,500;35,500;45,000;40,000;45,850;18,300;18,900;17,650;18,150;14,400;16,500;13,850
 10/ 2021;11,000;10,650;11,350;27,100;27,100;122,500;122,500;125,000;34,150;34,150;34,150;34,150;39,600;40,000;40,000;23,050;21,850;23,350;23,750;14,650;16,500;14,100
 11/ 2021;10,900;10,650;11,150;28,000;28,000;122,500;122,500;125,000;33,350;33,350;34,150;34,150;40,400;40,000;41,650;23,900;21,650;24,600;25,650;14,650;16,500;14,100
 12/ 2021;10,900;10,650;11,150;28,350;28,350;122,500;122,500;125,000;36,850;36,850;36,150;36,150;90,400;70,000;92,500;25,550;21,650;27,300;27,850;14,650;16,500;14,100
 01/ 2022;11,000;10,650;11,350;28,350;28,350;122,500;122,500;125,000;42,500;42,500;37,850;37,850;38,350;35,000;39,150;24,850;21,750;26,650;25,500;15,200;17,000;14,750
 02/ 2022;11,000;10,650;11,350;28,350;28,350;122,500;122,500;125,000;42,500;42,500;37,850;37,850;38,350;35,000;39,150;24,850;21,750;26,650;25,500;15,200;17,000;14,750
 03/ 2022;11,000;10,650;11,350;28,350;28,350;127,500;127,500;135,000;41,000;41,000;38,000;38,000;57,500;35,000;61,650;29,900;24,650;32,700;35,000;15,450;16,500;15,100
 04/ 2022;11,000;10,650;11,350;29,000;29,000;135,000;135,000;140,000;40,000;40,000;38,850;38,850;38,350;35,000;39,150;32,300;28,500;34,600;35,000;15,750;16,500;15,500
 05/ 2022;11,000;10,650;11,350;34,150;34,150;135,000;135,000;140,000;48,350;48,350;36,650;36,650;46,650;35,000;49,150;29,700;21,850;34,700;34,850;15,550;16,500;15,250
 06/ 2022;11,100;10,750;11,400;29,150;29,150;135,000;135,000;140,000;83,350;83,350;37,500;37,500;76,650;35,000;85,000;29,850;23,150;33,350;35,500;15,700;16,500;15,400
 07/ 2022;10,900;10,500;11,350;26,600;26,600;135,000;135,000;140,000;72,500;72,500;36,650;36,650;52,900;35,000;56,650;25,550;15,500;30,950;34,400;15,700;16,500;15,400
 08/ 2022;10,950;10,600;11,350;22,250;22,250;135,000;135,000;140,000;47,500;47,500;37,500;37,500;56,650;56,650;56,650;25,250;15,000;30,950;33,750;15,650;16,000;15,400
 09/ 2022;11,350;11,100;11,600;19,950;19,950;132,500;132,500;135,000;40,500;40,500;36,650;36,650;59,150;59,150;59,150;22,600;14,600;26,550;30,950;15,650;16,000;15,400
 10/ 2022;11,300;11,000;11,600;22,150;22,150;132,500;132,500;135,000;41,650;41,650;35,850;35,850;50,850;50,850;50,850;22,350;14,750;26,550;29,550;15,550;16,000;15,250
 11/ 2022;11,400;11,150;11,650;24,150;24,150;132,500;132,500;135,000;47,500;47,500;35,850;35,850;50,000;50,000;50,000;22,450;14,750;26,550;29,850;15,550;16,000;15,250
 12/ 2022;12,400;12,100;12,650;26,000;26,000;132,500;132,500;135,000;45,650;45,650;35,850;35,850;49,150;49,150;49,150;22,700;16,150;26,450;28,900;15,650;16,000;15,400
 01/ 2023;12,200;11,850;12,600;22,100;22,100;132,500;132,500;135,000;44,350;44,350;35,850;35,850;40,000;40,000;40,000;25,900;22,600;27,800;28,900;15,650;16,000;15,400
 02/ 2023;12,450;12,150;12,650;20,400;20,400;132,500;132,500;135,000;43,350;43,350;37,500;37,500;60,850;60,850;60,850;24,350;18,850;27,800;28,900;15,850;16,000;15,650
 03/ 2023;13,400;13,100;13,650;25,350;25,350;130,000;130,000;130,000;40,850;40,850;45,850;45,850;56,650;56,650;56,650;25,800;20,350;29,600;28,900;15,850;16,000;15,650
 04/ 2023;13,400;13,000;13,750;24,850;24,850;132,500;132,500;135,000;46,850;46,850;43,350;43,350;35,000;35,000;35,000;25,350;19,700;29,150;28,450;15,650;16,000;15,500
 05/ 2023;13,450;13,150;13,750;25,600;25,600;132,500;132,500;135,000;41,650;41,650;43,150;43,150;34,150;34,150;34,150;25,550;20,050;29,150;28,600;15,750;16,000;15,650
 06/ 2023;13,300;13,000;13,600;32,400;32,400;132,500;132,500;135,000;44,850;44,850;44,350;44,350;50,850;50,850;50,850;24,450;17,400;29,150;28,600;15,700;16,000;15,600
 07/ 2023;13,200;12,850;13,600;24,350;24,350;132,500;132,500;135,000;36,850;36,850;48,350;48,350;38,350;38,350;38,350;24,350;17,050;29,150;28,600;15,750;16,000;15,650
 08/ 2023;13,350;13,000;13,650;22,650;22,650;132,500;132,500;135,000;34,000;34,000;46,350;46,350;35,000;35,000;35,000;23,900;16,750;28,650;28,600;15,750;16,000;15,650
 09/ 2023;14,150;13,850;14,500;24,850;24,850;132,500;132,500;135,000;30,850;30,850;42,500;42,500;40,350;40,350;40,350;23,600;16,150;28,650;28,000;16,150;16,000;16,150
 10/ 2023;14,900;14,650;15,100;24,000;24,000;132,500;132,500;135,000;28,350;28,350;42,350;42,350;75,150;75,150;75,150;23,150;16,150;27,800;27,350;17,050;16,000;17,150
 11/ 2023;14,650;14,400;14,900;25,350;25,350;132,500;132,500;135,000;34,650;34,650;42,350;42,350;98,350;98,350;98,350;23,300;16,500;27,800;27,350;18,950;17,500;19,100
 12/ 2023;14,500;14,150;14,850;29,050;29,050;132,500;132,500;135,000;45,850;45,850;43,350;43,350;130,000;130,000;130,000;23,300;16,600;27,800;27,350;19,350;19,000;19,150
 01/ 2024;14,500;14,100;14,900;30,200;30,200;131,900;131,900;135,000;42,100;42,100;41,100;41,100;25,450;25,450;25,450;22,450;15,650;27,650;24,550;18,050;19,000;18,000
 02/ 2024;17,150;16,650;17,600;30,000;30,000;131,900;131,900;135,000;37,500;37,500;41,700;41,700;51,600;51,600;51,600;23,700;21,500;26,500;23,300;18,450;19,000;18,400
 03/ 2024;16,700;16,200;17,150;31,300;31,300;132,500;132,500;135,000;38,850;38,850;53,750;53,750;47,950;47,950;47,950;23,100;18,850;26,750;24,300;20,300;21,000;20,100
 04/ 2024;15,050;14,500;15,550;30,150;30,150;135,000;135,000;135,000;55,450;55,450;60,450;60,450;63,350;63,350;63,350;23,050;18,450;25,800;25,550;19,850;21,000;19,700
 05/ 2024;14,600;14,100;15,150;29,800;29,800;135,000;135,000;135,000;48,350;48,350;49,200;49,200;62,950;62,950;62,950;23,100;18,450;25,150;26,500;19,450;21,000;19,250
 06/ 2024;14,400;13,850;14,950;29,900;29,900;135,000;135,000;135,000;47,100;47,100;49,000;49,000;56,250;56,250;56,250;23,500;18,550;25,800;26,800;18,900;21,000;18,700
 07/ 2024;14,350;13,750;14,950;29,750;29,750;132,500;132,500;135,000;31,600;31,600;44,600;44,600;70,850;70,850;70,850;23,500;18,600;25,800;26,800;18,800;21,000;18,600
 08/ 2024;14,800;14,350;15,200;27,150;27,150;132,500;132,500;135,000;29,200;29,200;45,350;45,350;70,700;70,700;70,700;23,550;18,750;25,800;26,800;18,800;21,000;18,600
 09/ 2024;14,700;14,450;14,950;26,050;26,050;132,500;132,500;135,000;37,450;37,450;45,200;45,200;64,600;64,600;64,600;23,750;19,300;25,800;26,800;18,800;20,000;18,700
 10/ 2024;14,500;14,200;14,800;30,750;30,750;132,500;132,500;135,000;40,250;40,250;46,250;46,250;48,350;48,350;48,350;24,600;21,700;25,800;26,800;19,300;20,000;19,200
 11/ 2024;14,550;14,250;14,800;30,500;30,500;132,500;132,500;135,000;49,600;49,600;47,950;47,950;72,950;72,950;72,950;24,950;21,700;26,650;27,150;19,300;20,000;19,200
 12/ 2024;14,550;14,250;14,800;33,400;33,400;132,500;132,500;135,000;45,000;45,000;47,950;47,950;50,450;50,450;50,450;25,100;21,700;26,850;27,150;19,550;20,000;19,450
